NODE,LABEL,VALUE
41540,1,-0.00164878
41437,1,-0.00090454
41519,1,-0.00015512
41518,1,0.000569
41580,1,0.00128295
41570,1,0.00198816
41574,1,0.00261706
41571,1,0.00261821
41708,1,0.00318544
41502,1,0.00382556
41504,1,0.00431697
41418,1,0.00491491
41423,1,0.00476867
41420,1,0.00532582
41500,1,0.00570187
41498,1,0.00570469
41698,1,0.00602208
41408,1,0.00652566
41510,1,0.00677179
41507,1,0.00677179
41686,1,0.00700492
41492,1,0.00745496
41497,1,0.00718521
41494,1,0.0076001
41859,1,0.0077231
41858,1,0.0077231
42285,1,0.00779515
42269,1,0.00817794
42272,1,0.00783005
41463,1,0.00819129
41465,1,0.00817711
41462,1,0.00817159
42290,1,0.00808436
42241,1,0.00839512
42245,1,0.00801869
41469,1,0.00832919
41471,1,0.00816142
41243,1,-0.00106978
41184,1,-0.00105601
41186,1,-0.0009703
41183,1,-0.00096788
41253,1,-0.00091037
41250,1,-0.00090035
41758,1,-0.0009518
41755,1,-0.00094101
42160,1,-0.00095282
41777,1,-0.00094835
41779,1,-0.00096654
41776,1,-0.00095517
42299,1,-0.00095959
41761,1,-0.00095959
41763,1,-0.00095959
41760,1,-0.00095723
41880,1,-0.00095054
41638,1,-0.00094597
41642,1,-0.00093486
41386,1,-0.00093708
41391,1,-0.0009193
41388,1,-0.00091709
41646,1,-0.00089941
41644,1,-0.00089941
41785,1,-0.00087305
41393,1,-0.00087085
41395,1,-0.00084666
41392,1,-0.00084034
41554,1,-0.00081408
41551,1,-0.00081189
42229,1,-0.00077743
42227,1,-0.0007736
42249,1,-0.00073893
41866,1,-0.00073893
41868,1,-0.00069861
41865,1,-0.00070077
42005,1,-0.00065866
42002,1,-0.00065537
42099,1,-0.00061384
41555,1,-0.00061384
41560,1,-0.00056214
41557,1,-0.00055928
41681,1,-0.00052985
41561,1,-0.00052715
41566,1,-0.00048282
41563,1,-0.0004824
41700,1,-0.00044099
41432,1,-0.00043871
41569,1,-0.00039545
41567,1,-0.00039541
41706,1,-0.00035465
41521,1,-0.00035278
41522,1,-0.00031058
41424,1,-0.00031058
41530,1,-0.00027081
41447,1,-0.00026937
41581,1,-0.00023145
41438,1,-0.00023345
41443,1,-0.00019554
41540,3,-0.00636834
41437,3,-0.00349231
41519,3,-0.00061648
41518,3,0.00226044
41580,3,0.00524886
41570,3,0.00813059
41574,3,0.01102954
41571,3,0.01103069
41708,3,0.0138357
41502,3,0.01662348
41504,3,0.01933611
41418,3,0.02202455
41423,3,0.02205882
41420,3,0.02464789
41500,3,0.02727363
41498,3,0.02727645
41698,3,0.02980558
41408,3,0.03229803
41510,3,0.03472963
41507,3,0.03473321
41686,3,0.03727894
41492,3,0.03967395
41497,3,0.03971891
41494,3,0.04201671
41859,3,0.04446953
41858,3,0.04446953
42285,3,0.04682375
42269,3,0.04912313
42272,3,0.04917355
41463,3,0.05148056
41465,3,0.05384319
41462,3,0.05383768
42290,3,0.05600402
42241,3,0.05819821
42245,3,0.05858659
41469,3,0.06090682
41471,3,0.06323173
41243,3,0.02486242
41184,3,0.02454478
41186,3,0.02400395
41183,3,0.02400395
41253,3,0.02317419
41250,3,0.0228596
41758,3,0.02321507
41755,3,0.02289559
42160,3,0.02272146
41777,3,0.02261478
41779,3,0.02261706
41776,3,0.02240144
42299,3,0.02229476
41761,3,0.02229476
41763,3,0.02229476
41760,3,0.02218809
41880,3,0.02218809
41638,3,0.02208142
41642,3,0.02208142
41386,3,0.02208364
41391,3,0.02197474
41388,3,0.02197695
41646,3,0.02197474
41644,3,0.02197695
41785,3,0.02187247
41393,3,0.02187027
41395,3,0.02187247
41392,3,0.02176577
41554,3,0.02176577
41551,3,0.02176796
42229,3,0.02165908
42227,3,0.02155455
42249,3,0.02155672
41866,3,0.02155455
41868,3,0.02145
41865,3,0.02145
42005,3,0.02134328
42002,3,0.0212387
42099,3,0.02113197
41555,3,0.02113197
41560,3,0.02071882
41557,3,0.02061575
41681,3,0.02095426
41561,3,0.02084945
41566,3,0.02074044
41563,3,0.02063561
41700,3,0.02063561
41432,3,0.02053074
41569,3,0.02042176
41567,3,0.02031688
41706,3,0.02031688
41521,3,0.02020995
41522,3,0.02010302
41424,3,0.02010504
41530,3,0.01999609
41447,3,0.01989115
41581,3,0.01989115
41438,3,0.01988916
41443,3,0.01989514
42710,1,-0.00164945
42606,1,-0.00090454
42695,1,-0.00015518
42694,1,0.000569
42780,1,0.00128349
42690,1,0.00198816
42692,1,0.00257344
42591,1,0.00257344
42668,1,0.00319119
42596,1,0.0038342
42666,1,0.00432299
42665,1,0.004325
43027,1,0.00477553
42680,1,0.00533859
42682,1,0.00571316
42679,1,0.00571316
42891,1,0.00603131
42578,1,0.00653901
42677,1,0.00678254
42674,1,0.00678613
42879,1,0.00701644
42660,1,0.00746722
42664,1,0.00720156
42639,1,0.00761307
42641,1,0.00770482
42638,1,0.00770482
43335,1,0.00780956
42628,1,0.00818803
42630,1,0.00784014
42627,1,0.00820712
42635,1,0.00818262
42633,1,0.00818262
42746,1,0.00812461
42743,1,0.00843695
42864,1,0.00800673
42861,1,0.00832298
43294,1,0.00815499
42397,1,-0.00107478
42396,1,-0.00106341
42715,1,-0.00097271
42714,1,-0.00097512
43368,1,-0.00093408
43350,1,-0.00091906
43354,1,-0.00096583
43269,1,-0.00095024
43274,1,-0.00096196
43271,1,-0.00095517
43411,1,-0.00097109
42961,1,-0.00096418
42963,1,-0.00096632
42960,1,-0.00096632
42968,1,-0.00096632
42536,1,-0.00096169
42538,1,-0.00095263
42535,1,-0.00095041
43339,1,-0.00094152
42541,1,-0.00093477
42546,1,-0.00091488
42543,1,-0.00091709
42858,1,-0.00089941
42856,1,-0.0008972
42995,1,-0.00086865
42554,1,-0.00086865
42556,1,-0.00084446
42553,1,-0.00084034
42750,1,-0.00080752
42547,1,-0.00080533
42552,1,-0.00077307
42549,1,-0.0007671
43314,1,-0.00073243
43072,1,-0.00073026
43074,1,-0.0006943
42751,1,-0.00069085
42756,1,-0.00065437
42753,1,-0.00064897
43265,1,-0.0005926
42757,1,-0.00059473
42759,1,-0.00057904
42584,1,-0.00057821
42871,1,-0.00051934
42760,1,-0.00051878
42765,1,-0.00047658
42762,1,-0.00047412
42893,1,-0.00043271
42601,1,-0.00043047
42771,1,-0.00038725
42769,1,-0.00038522
42896,1,-0.00035465
42772,1,-0.00035075
42775,1,-0.00031058
42687,1,-0.00031058
42689,1,-0.00027282
42616,1,-0.00026937
42781,1,-0.00023145
42607,1,-0.00023345
42612,1,-0.00019554
42710,3,-0.00636967
42606,3,-0.00349304
42695,3,-0.00061668
42694,3,0.00226115
42780,3,0.00525051
42690,3,0.00813229
42692,3,0.01084015
42591,3,0.01084015
42668,3,0.01385582
42596,3,0.01664766
42666,3,0.01936419
42665,3,0.01936419
43027,3,0.02209081
42680,3,0.02468363
42682,3,0.02731313
42679,3,0.02731595
42891,3,0.02984868
42578,3,0.03234474
42677,3,0.03478337
42674,3,0.03478695
42879,3,0.03732886
42660,3,0.03973117
42664,3,0.03980474
42639,3,0.04209885
42641,3,0.04434157
42638,3,0.04434614
43335,3,0.04687661
42628,3,0.04917859
42630,3,0.04923405
42627,3,0.05153862
42635,3,0.05390936
42633,3,0.05390385
42746,3,0.05627426
42743,3,0.05847306
42864,3,0.05853879
42861,3,0.06085092
43294,3,0.06319955
42397,3,0.0250024
42396,3,0.02468294
42715,3,0.02414636
42714,3,0.02414877
43368,3,0.02371235
43350,3,0.0233928
43354,3,0.0234653
43269,3,0.02314469
43274,3,0.02287455
43271,3,0.02276716
43411,3,0.02276488
42961,3,0.02255012
42963,3,0.02244049
42960,3,0.02244274
42968,3,0.02244274
42536,3,0.02233535
42538,3,0.02222797
42535,3,0.02222575
43339,3,0.02218356
42541,3,0.02207639
42546,3,0.02196811
42543,3,0.02196811
42858,3,0.02199684
42856,3,0.02199463
42995,3,0.02181529
42554,3,0.02181529
42556,3,0.02191425
42553,3,0.02180735
42750,3,0.02166511
42547,3,0.02166729
42552,3,0.02160464
42549,3,0.02150038
43314,3,0.0214072
43072,3,0.02140936
43074,3,0.02135513
42751,3,0.02124888
42756,3,0.02123386
42753,3,0.02112769
43265,3,0.02049477
42757,3,0.02049689
42759,3,0.02142677
42584,3,0.02132011
42871,3,0.02069565
42760,3,0.02059006
42765,3,0.02048655
42762,3,0.02037888
42893,3,0.02033126
42601,3,0.02022591
42771,3,0.019971
42769,3,0.01986848
42896,3,0.02027816
42772,3,0.02017346
42775,3,0.02008285
42687,3,0.02008285
42689,3,0.02000813
42616,3,0.01990313
42781,3,0.01989315
42607,3,0.01989514
42612,3,0.0199131
43816,1,-0.00165011
43697,1,-0.00090527
43801,1,-0.00015531
43800,1,0.00056948
43880,1,0.00128459
43870,1,0.00198985
43874,1,0.00262051
43871,1,0.00261936
44001,1,0.00318832
43768,1,0.00383074
43772,1,0.00432098
43769,1,0.00491948
44143,1,0.00477096
43785,1,0.00533348
43790,1,0.00570752
43787,1,0.00570752
43992,1,0.00602515
43673,1,0.00653234
43779,1,0.00677538
43774,1,0.00677896
43980,1,0.00700876
43763,1,0.00746313
43767,1,0.00718521
43744,1,0.00760442
43746,1,0.00762256
43743,1,0.00762256
44448,1,0.00779515
44193,1,0.00817794
44196,1,0.00783005
43734,1,0.00819129
43736,1,0.00817159
43733,1,0.00817711
43842,1,0.00810736
43840,1,0.00843097
44361,1,0.00800076
43738,1,0.00831056
43742,1,0.00814855
43492,1,-0.00106978
43452,1,-0.00105601
43454,1,-0.00096788
43443,1,-0.00096788
43445,1,-0.00092697
43442,1,-0.00091438
44163,1,-0.00095414
43818,1,-0.00094101
43820,1,-0.00095282
43817,1,-0.00095062
43936,1,-0.00096427
43934,1,-0.00095517
44429,1,-0.00095959
44089,1,-0.00095735
44091,1,-0.00095959
44088,1,-0.000955
44377,1,-0.00095054
44376,1,-0.00094597
44491,1,-0.00093486
43632,1,-0.00093708
43637,1,-0.00091709
43634,1,-0.00091709
43947,1,-0.00089941
43945,1,-0.0008972
44096,1,-0.00087305
43651,1,-0.00087085
43653,1,-0.00084446
43650,1,-0.00084034
43848,1,-0.00081189
43644,1,-0.00081189
43649,1,-0.00077525
43646,1,-0.0007736
44132,1,-0.00073676
44129,1,-0.00073893
44205,1,-0.00069861
43849,1,-0.00069861
43854,1,-0.00065866
43851,1,-0.00065537
44363,1,-0.00061172
43855,1,-0.00061384
43857,1,-0.00057059
43679,1,-0.0005677
43972,1,-0.00052564
43858,1,-0.00052505
43863,1,-0.00048282
43860,1,-0.00048033
43994,1,-0.00043892
43692,1,-0.00043665
43869,1,-0.00039545
43867,1,-0.00039337
43999,1,-0.00035261
43791,1,-0.00035075
43792,1,-0.00031058
43684,1,-0.00031058
43794,1,-0.00026881
43711,1,-0.00026937
43881,1,-0.00023145
43698,1,-0.00023145
43703,1,-0.00019554
43816,3,-0.00637366
43697,3,-0.00349523
43801,3,-0.00061719
43800,3,0.0022628
43880,3,0.00525488
43870,3,0.00813907
43874,3,0.01104217
43871,3,0.01104331
44001,3,0.01385007
43768,3,0.01664248
43772,3,0.01935817
43769,3,0.02204968
44143,3,0.02208167
43785,3,0.02467342
43790,3,0.02730748
43787,3,0.02730466
43992,3,0.02983637
43673,3,0.03233473
43779,3,0.03477262
43774,3,0.03476904
43980,3,0.03732118
43763,3,0.03971891
43767,3,0.03976796
43744,3,0.04206427
43746,3,0.04389372
43743,3,0.04389372
44448,3,0.04681894
44193,3,0.04912313
44196,3,0.04917355
43734,3,0.05148056
43736,3,0.05383768
43733,3,0.05384319
43842,3,0.05620527
43840,3,0.05840734
44361,3,0.05847306
43738,3,0.06077638
43742,3,0.06314162
43492,3,0.02485243
43452,3,0.02452997
43454,3,0.02398706
43443,3,0.02398706
43445,3,0.02356299
43442,3,0.02324313
44163,3,0.02324313
43818,3,0.02292327
43820,3,0.02270775
43817,3,0.02260114
43936,3,0.02259886
43934,3,0.02238792
44429,3,0.02228131
44089,3,0.02227907
44091,3,0.02228131
44088,3,0.0221747
44377,3,0.02217247
44376,3,0.02206809
44491,3,0.02206809
43632,3,0.02206809
43637,3,0.02196148
43634,3,0.02196148
43947,3,0.02196369
43945,3,0.02196148
44096,3,0.02185707
43651,3,0.02185707
43653,3,0.02185927
43650,3,0.02175045
43848,3,0.02175264
43644,3,0.02175264
43649,3,0.02164601
43646,3,0.02153938
44132,3,0.02154155
44129,3,0.02154155
44205,3,0.02143491
43849,3,0.02143706
43854,3,0.02133041
43851,3,0.02122376
44363,3,0.02111923
43855,3,0.02111923
43857,3,0.02101257
43679,3,0.0209059
43972,3,0.02090801
43858,3,0.02080133
43863,3,0.02069466
43860,3,0.02058799
43994,3,0.02059006
43692,3,0.02048131
43869,3,0.02037874
43867,3,0.02027
43999,3,0.02027
43791,3,0.02016332
43792,3,0.02005865
43684,3,0.02005865
43794,3,0.01995196
43711,3,0.01984526
43881,3,0.01984526
43698,3,0.01984526
43703,3,0.01985524
44952,1,-0.00165211
44843,1,-0.00090636
45010,1,-0.00015557
44935,1,0.00057042
45008,1,0.00128623
44999,1,0.00199239
45003,1,0.00262395
45000,1,0.00262395
45161,1,0.00319263
44909,1,0.00383765
44910,1,0.004325
44908,1,0.00492633
45258,1,0.00477781
44924,1,0.00533859
44926,1,0.00567366
44923,1,0.00567366
45152,1,0.00602823
44819,1,0.00653567
44921,1,0.0066643
44918,1,0.00666789
45138,1,0.00700492
44902,1,0.00745496
44907,1,0.00718521
44904,1,0.00759578
45344,1,0.00772767
44880,1,0.0077231
44882,1,0.00779515
44879,1,0.00817794
45575,1,0.00782501
44886,1,0.00819657
44888,1,0.00817159
44885,1,0.00817159
45612,1,0.00811311
45587,1,0.00843097
45590,1,0.00800076
44892,1,0.00831056
44894,1,0.00814855
44502,1,-0.00106478
44499,1,-0.00105107
44507,1,-0.00098199
44504,1,-0.00096064
45078,1,-0.00091748
45066,1,-0.00090503
45068,1,-0.00092374
45065,1,-0.00090872
45429,1,-0.00095511
44756,1,-0.00095511
44759,1,-0.00096427
44752,1,-0.00095742
44753,1,-0.00095959
44751,1,-0.00096183
45204,1,-0.00096183
45202,1,-0.00095723
45378,1,-0.00095277
45375,1,-0.00094819
45511,1,-0.00093708
44766,1,-0.0009393
44771,1,-0.0009193
44768,1,-0.0009193
45092,1,-0.00090162
45090,1,-0.00090162
45217,1,-0.00087305
44796,1,-0.00087525
44798,1,-0.00084666
44795,1,-0.00084472
44980,1,-0.00081408
44789,1,-0.00081408
44794,1,-0.0007796
44791,1,-0.0007736
45499,1,-0.00074109
45347,1,-0.00074109
45348,1,-0.00070077
44778,1,-0.00070077
44983,1,-0.00066081
44981,1,-0.00065751
45128,1,-0.00061597
44984,1,-0.00061384
44986,1,-0.0005727
44825,1,-0.0005698
45130,1,-0.00052775
44987,1,-0.00052715
44992,1,-0.0004849
44989,1,-0.00048033
45154,1,-0.00044099
44838,1,-0.00043871
44998,1,-0.00039749
44996,1,-0.00039337
45159,1,-0.00035465
44930,1,-0.00035278
44931,1,-0.00031058
44830,1,-0.00031058
44929,1,-0.00027081
44853,1,-0.00026937
45009,1,-0.00023145
44844,1,-0.00023345
44849,1,-0.00019554
44952,3,-0.00638164
44843,3,-0.00349997
45010,3,-0.00061809
44935,3,0.00226658
45008,3,0.00526309
44999,3,0.00815263
45003,3,0.01105938
45000,3,0.01106053
45161,3,0.01387307
44909,3,0.01666666
44910,3,0.01939027
44908,3,0.02208396
45258,3,0.02212052
44924,3,0.02471427
44926,3,0.02714949
44923,3,0.02714949
45152,3,0.02985792
44819,3,0.03235475
44921,3,0.03419577
44918,3,0.03419935
45138,3,0.0372751
44902,3,0.03967395
44907,3,0.03971891
44904,3,0.04201671
45344,3,0.04446953
44880,3,0.04446953
44882,3,0.04681894
44879,3,0.04911809
45575,3,0.04917859
44886,3,0.05148056
44888,3,0.05383768
44885,3,0.05384319
45612,3,0.05621102
45587,3,0.05841929
45590,3,0.05846709
44892,3,0.06077638
44894,3,0.06314162
44502,3,0.02473245
44499,3,0.02441648
44507,3,0.02429558
44504,3,0.02376983
45078,3,0.02336622
45066,3,0.02305137
45068,3,0.02248777
45065,3,0.02218061
45429,3,0.02275573
44756,3,0.02275573
44759,3,0.02264662
44752,3,0.02243523
44753,3,0.02232615
44751,3,0.02232839
45204,3,0.02232615
45202,3,0.02222156
45378,3,0.02221933
45375,3,0.02211472
45511,3,0.02211472
44766,3,0.02211472
44771,3,0.02200789
44768,3,0.02200789
45092,3,0.02200789
45090,3,0.0220101
45217,3,0.02190325
44796,3,0.02190325
44798,3,0.02190325
44795,3,0.02179641
44980,3,0.0217986
44789,3,0.0217986
44794,3,0.02169174
44791,3,0.02158489
45499,3,0.02158922
45347,3,0.02158705
45348,3,0.02148019
44778,3,0.02148234
44983,3,0.02137547
44981,3,0.02126859
45128,3,0.02116171
44984,3,0.02116383
44986,3,0.02105695
44825,3,0.02095006
45130,3,0.02095006
44987,3,0.02084526
44992,3,0.02073836
44989,3,0.02063146
45154,3,0.02063353
44838,3,0.02052457
44998,3,0.02041972
44996,3,0.02031281
45159,3,0.02031281
44930,3,0.0202059
44931,3,0.020101
44830,3,0.020101
44929,3,0.01999609
44853,3,0.01988716
45009,3,0.01988716
44844,3,0.01988716
44849,3,0.01989315
46042,1,-0.00164878
45936,1,-0.00090454
46104,1,-0.00015512
46030,1,0.000569
46102,1,0.00128295
46093,1,0.00198816
46097,1,0.00261706
46094,1,0.00261821
46233,1,0.00318401
46000,1,0.00382729
46001,1,0.00431697
45999,1,0.00491491
46376,1,0.00476639
46017,1,0.00532838
46019,1,0.00570187
46016,1,0.00570469
46224,1,0.00602208
45912,1,0.00652566
46011,1,0.00677179
46006,1,0.00677179
46212,1,0.00700492
45994,1,0.00745496
45998,1,0.00718521
45977,1,0.00759578
45982,1,0.00772767
45979,1,0.0077231
46696,1,0.00779515
46337,1,0.00817794
46429,1,0.00782501
45963,1,0.00819657
45965,1,0.00817159
45962,1,0.00817159
46071,1,0.00811311
46069,1,0.00843097
46197,1,0.00799478
45973,1,0.00831677
45976,1,0.00814855
45714,1,-0.00106978
45625,1,-0.00105601
45627,1,-0.00096788
45624,1,-0.00096788
46320,1,-0.0009649
46319,1,-0.00094946
46719,1,-0.00095414
46312,1,-0.00094101
46314,1,-0.00095282
45858,1,-0.00094835
45863,1,-0.00096199
45860,1,-0.00095517
46293,1,-0.00095735
46291,1,-0.00095735
46302,1,-0.00095959
45865,1,-0.00095277
45867,1,-0.0009483
45864,1,-0.00094375
46323,1,-0.00093486
45870,1,-0.00093035
45875,1,-0.00091488
45872,1,-0.00091488
46194,1,-0.0008972
46192,1,-0.0008972
46575,1,-0.00086865
45886,1,-0.00087085
45888,1,-0.00083787
45885,1,-0.00083378
46077,1,-0.00080971
45879,1,-0.00081189
45884,1,-0.00077307
45881,1,-0.00077143
46366,1,-0.00073676
46364,1,-0.00073676
46653,1,-0.00069861
46594,1,-0.00069861
46595,1,-0.00065652
46593,1,-0.00065324
46600,1,-0.00061172
46078,1,-0.00061172
46080,1,-0.00056848
45918,1,-0.0005677
46204,1,-0.00052564
46081,1,-0.00052296
46086,1,-0.00048282
46083,1,-0.00047826
46226,1,-0.00043892
45931,1,-0.00043665
46092,1,-0.0003934
46090,1,-0.00039337
46231,1,-0.00035261
46023,1,-0.00035075
46024,1,-0.00030856
45923,1,-0.00031058
46022,1,-0.00026881
45950,1,-0.00026937
46103,1,-0.00022946
45937,1,-0.00023145
45942,1,-0.00019554
46042,3,-0.00636834
45936,3,-0.00349231
46104,3,-0.00061648
46030,3,0.00226044
46102,3,0.00524886
46093,3,0.00813059
46097,3,0.01102954
46094,3,0.01103069
46233,3,0.0138357
46000,3,0.01662176
46001,3,0.01933811
45999,3,0.02202455
46376,3,0.02205882
46017,3,0.02464533
46019,3,0.02727645
46016,3,0.02727363
46224,3,0.02980558
45912,3,0.03229803
46011,3,0.03473321
46006,3,0.03472963
46212,3,0.03727894
45994,3,0.03967395
45998,3,0.03971891
45977,3,0.04201671
45982,3,0.04446953
45979,3,0.04446953
46696,3,0.04681894
46337,3,0.04912313
46429,3,0.04917355
45963,3,0.05148056
45965,3,0.05384319
45962,3,0.05383768
46071,3,0.05620527
46069,3,0.05841331
46197,3,0.05846709
45973,3,0.06077638
45976,3,0.06314805
45714,3,0.02484743
45625,3,0.02452997
45627,3,0.02398706
45624,3,0.02398947
46320,3,0.02447099
46319,3,0.02413881
46719,3,0.02320805
46312,3,0.02288868
46314,3,0.02267347
45858,3,0.0225693
45863,3,0.0225693
45860,3,0.02235413
46293,3,0.02224992
46291,3,0.02224768
46302,3,0.02224992
45865,3,0.02214123
45867,3,0.02214346
45864,3,0.02203478
46323,3,0.022037
45870,3,0.02192834
45875,3,0.02193054
45872,3,0.02193054
46194,3,0.02193275
46192,3,0.02193054
46575,3,0.02182629
45886,3,0.02182409
45888,3,0.02171193
45885,3,0.02160383
46077,3,0.02172857
45879,3,0.02172857
45884,3,0.02162423
45881,3,0.02151554
46366,3,0.02151988
46364,3,0.02151771
46653,3,0.02141119
46594,3,0.02141334
46595,3,0.02130681
46593,3,0.02120241
46600,3,0.02109374
46078,3,0.02109587
46080,3,0.02098932
45918,3,0.02088488
46204,3,0.02088488
46081,3,0.02077623
46086,3,0.02067385
46083,3,0.02056521
46226,3,0.02056728
45931,3,0.02045866
46092,3,0.02035415
46090,3,0.02024758
46231,3,0.02024962
46023,3,0.02014102
46024,3,0.02003647
45923,3,0.02003647
46022,3,0.01992989
45950,3,0.01982331
46103,3,0.01982331
45937,3,0.01982331
45942,3,0.01983728
47103,1,-0.00164878
46988,1,-0.00090454
47073,1,-0.00015512
47072,1,0.000569
47170,1,0.00128295
47160,1,0.00198816
47164,1,0.00261706
47161,1,0.00261821
47321,1,0.00318544
47056,1,0.00382556
47057,1,0.00431497
47055,1,0.00491719
47417,1,0.00476639
47049,1,0.00532838
47054,1,0.00570187
47051,1,0.00570187
47312,1,0.00602208
46964,1,0.00652566
47064,1,0.00677179
47061,1,0.00677538
47300,1,0.00700492
47043,1,0.00745496
47048,1,0.00718521
47045,1,0.00759578
47483,1,0.00772767
47482,1,0.0077231
47775,1,0.00779515
47472,1,0.00817794
47475,1,0.00783005
47003,1,0.00819129
47005,1,0.00817159
47002,1,0.00817711
47273,1,0.00810736
47014,1,0.00843097
47019,1,0.00800076
47016,1,0.00831056
47386,1,0.00814855
46904,1,-0.00106978
46790,1,-0.00105601
46908,1,-0.00096788
46905,1,-0.00096788
47219,1,-0.00092697
47216,1,-0.00091438
47452,1,-0.00095414
47450,1,-0.00094101
47511,1,-0.00095282
46951,1,-0.00095062
47809,1,-0.00096427
47362,1,-0.00095517
47364,1,-0.00095959
46921,1,-0.00095959
46925,1,-0.00095959
46916,1,-0.00095277
46918,1,-0.00095054
46915,1,-0.00094597
47368,1,-0.00093486
47366,1,-0.00093708
47525,1,-0.00091709
46926,1,-0.00091709
46931,1,-0.00089941
46928,1,-0.0008972
47254,1,-0.00087305
47130,1,-0.00087085
47132,1,-0.00084446
47129,1,-0.00084034
47139,1,-0.00081189
46943,1,-0.00081189
46948,1,-0.00077525
46945,1,-0.0007736
47725,1,-0.00073676
47487,1,-0.00073893
47489,1,-0.00069861
47140,1,-0.00069861
47144,1,-0.00065866
47141,1,-0.00065537
47688,1,-0.00061172
47145,1,-0.00061384
47147,1,-0.00057059
46970,1,-0.0005677
47292,1,-0.00052564
47148,1,-0.00052505
47153,1,-0.00048282
47150,1,-0.00048033
47314,1,-0.00043892
46983,1,-0.00043665
47159,1,-0.00039545
47157,1,-0.00039337
47319,1,-0.00035261
47075,1,-0.00035075
47076,1,-0.00031058
46975,1,-0.00031058
47088,1,-0.00026881
46998,1,-0.00026937
47171,1,-0.00023145
46989,1,-0.00023145
46994,1,-0.00019554
47103,3,-0.00636834
46988,3,-0.00349231
47073,3,-0.00061648
47072,3,0.00226044
47170,3,0.00524886
47160,3,0.00813059
47164,3,0.01103069
47161,3,0.01102954
47321,3,0.0138357
47056,3,0.01662176
47057,3,0.01933611
47055,3,0.02202226
47417,3,0.02205882
47049,3,0.02464789
47054,3,0.02727363
47051,3,0.02727645
47312,3,0.02980558
46964,3,0.03229803
47064,3,0.03473321
47061,3,0.03473321
47300,3,0.03727894
47043,3,0.03966986
47048,3,0.039723
47045,3,0.04201671
47483,3,0.04446953
47482,3,0.04446953
47775,3,0.04682375
47472,3,0.04912313
47475,3,0.04917355
47003,3,0.05148056
47005,3,0.05384319
47002,3,0.05384319
47273,3,0.05620527
47014,3,0.05841331
47019,3,0.05846709
47016,3,0.06078259
47386,3,0.06313518
46904,3,0.02484993
46790,3,0.02453244
46908,3,0.02398947
46905,3,0.02398706
47219,3,0.02356536
47216,3,0.02324313
47452,3,0.02324079
47450,3,0.02292327
47511,3,0.02270775
46951,3,0.02260114
47809,3,0.02259886
47362,3,0.02238792
47364,3,0.02228131
46921,3,0.02228131
46925,3,0.02227907
46916,3,0.0221747
46918,3,0.02217247
46915,3,0.02206809
47368,3,0.02206809
47366,3,0.02206809
47525,3,0.02196148
46926,3,0.02196148
46931,3,0.02196369
46928,3,0.02196148
47254,3,0.02185707
47130,3,0.02185707
47132,3,0.02185927
47129,3,0.02175045
47139,3,0.02175264
46943,3,0.02175264
46948,3,0.02164601
46945,3,0.02154155
47725,3,0.02154155
47487,3,0.02154155
47489,3,0.02143706
47140,3,0.02143491
47144,3,0.02133041
47141,3,0.02122589
47688,3,0.02111711
47145,3,0.02111923
47147,3,0.02101257
46970,3,0.0209059
47292,3,0.02090801
47148,3,0.02080133
47153,3,0.02069466
47150,3,0.02058799
47314,3,0.02058799
46983,3,0.02048337
47159,3,0.02037669
47157,3,0.02027
47319,3,0.02027
47075,3,0.02016535
47076,3,0.02005664
46975,3,0.02005865
47088,3,0.01995196
46998,3,0.01984526
47171,3,0.01984526
46989,3,0.01984526
46994,3,0.01985324
48151,1,-0.00164878
48070,1,-0.00090454
48150,1,-0.00015512
48148,1,0.000569
48173,1,0.00128295
48162,1,0.00198816
48166,1,0.00261706
48163,1,0.00261821
48169,1,0.00318401
48131,1,0.00382729
48132,1,0.00431697
48046,1,0.00491491
48051,1,0.00476639
48048,1,0.00532838
48140,1,0.00570187
48036,1,0.00570469
48038,1,0.00602208
48035,1,0.00652233
48316,1,0.00667147
48107,1,0.00667147
48109,1,0.00702412
48106,1,0.00747131
48883,1,0.00719747
48028,1,0.00761739
48099,1,0.00774138
48097,1,0.00774138
48311,1,0.00780956
48101,1,0.00819811
48103,1,0.00784014
48100,1,0.0082124
48890,1,0.00818814
48756,1,0.00819365
48760,1,0.00812461
47853,1,0.0084489
47855,1,0.00800673
47852,1,0.00832919
48310,1,0.00816142
48806,1,-0.00106978
48366,1,-0.00105601
48367,1,-0.00096788
47971,1,-0.00096788
47972,1,-0.00092697
47970,1,-0.00091438
48254,1,-0.00095414
48252,1,-0.00094101
48853,1,-0.00095282
47913,1,-0.00095062
47918,1,-0.00096427
47915,1,-0.00095517
48278,1,-0.00095959
48276,1,-0.00095735
48452,1,-0.00095959
48008,1,-0.000955
48013,1,-0.00095054
48010,1,-0.00094597
48017,1,-0.00093486
48014,1,-0.00093708
48295,1,-0.00091709
48293,1,-0.00091709
48443,1,-0.00089941
48018,1,-0.0008972
48020,1,-0.00087305
47858,1,-0.00087085
47863,1,-0.00084446
47860,1,-0.00084034
48027,1,-0.00081189
48024,1,-0.00081189
48908,1,-0.00077525
48567,1,-0.0007736
48569,1,-0.00073676
47864,1,-0.00073893
47869,1,-0.00069861
47866,1,-0.00069861
48781,1,-0.00065866
47846,1,-0.00065537
47851,1,-0.00061172
47848,1,-0.00061384
48879,1,-0.00057059
48322,1,-0.0005677
48324,1,-0.00052564
48153,1,-0.00052505
48157,1,-0.00048282
48154,1,-0.00048033
48328,1,-0.00043892
48065,1,-0.00043665
48161,1,-0.00039545
48128,1,-0.00039337
48129,1,-0.00035261
48058,1,-0.00035075
48147,1,-0.00031058
48052,1,-0.00031058
48146,1,-0.00026881
48080,1,-0.00026937
48174,1,-0.00023145
48071,1,-0.00023145
48076,1,-0.00019554
48151,3,-0.00636834
48070,3,-0.00349231
48150,3,-0.00061648
48148,3,0.00226044
48173,3,0.00524886
48162,3,0.00813059
48166,3,0.01102954
48163,3,0.01103069
48169,3,0.01383426
48131,3,0.01662348
48132,3,0.01933811
48046,3,0.02202455
48051,3,0.02205654
48048,3,0.02464789
48140,3,0.02727363
48036,3,0.02727645
48038,3,0.02980558
48035,3,0.03229803
48316,3,0.03420293
48107,3,0.03420652
48109,3,0.03734038
48106,3,0.03973935
48883,3,0.03979248
48028,3,0.04209021
48099,3,0.04454265
48097,3,0.04454722
48311,3,0.04690064
48101,3,0.0492038
48103,3,0.04925926
48100,3,0.05157029
48890,3,0.05393693
48756,3,0.05393142
48760,3,0.05630301
47853,3,0.05850892
47855,3,0.05857464
47852,3,0.06088197
48310,3,0.06322529
48806,3,0.02484743
48366,3,0.0245275
48367,3,0.02398947
47971,3,0.02398947
47972,3,0.02356299
47970,3,0.02324313
48254,3,0.02324079
48252,3,0.02292327
48853,3,0.02270775
47913,3,0.02260114
47918,3,0.02260114
47915,3,0.02238792
48278,3,0.02228131
48276,3,0.02227907
48452,3,0.02228131
48008,3,0.0221747
48013,3,0.02217247
48010,3,0.02206809
48017,3,0.02206809
48014,3,0.02206809
48295,3,0.02196148
48293,3,0.02196148
48443,3,0.02196369
48018,3,0.02196369
48020,3,0.02185707
47858,3,0.02185707
47863,3,0.02185707
47860,3,0.02175045
48027,3,0.02175264
48024,3,0.02175264
48908,3,0.02164819
48567,3,0.02153938
48569,3,0.02154155
47864,3,0.02154155
47869,3,0.02143706
47866,3,0.02143706
48781,3,0.02133041
47846,3,0.02122376
47851,3,0.02111923
47848,3,0.02111711
48879,3,0.02101468
48322,3,0.0209059
48324,3,0.02090801
48153,3,0.02079924
48157,3,0.02069466
48154,3,0.02059006
48328,3,0.02058799
48065,3,0.02048337
48161,3,0.02037669
48128,3,0.02027
48129,3,0.02027
48058,3,0.02016535
48147,3,0.02005664
48052,3,0.02005865
48146,3,0.01995196
48080,3,0.01984526
48174,3,0.01984526
48071,3,0.01984526
48076,3,0.01985524
49329,1,-0.00164878
49224,1,-0.00090454
49318,1,-0.00015512
49317,1,0.000569
49370,1,0.00128295
49360,1,0.00198816
49364,1,0.00261706
49361,1,0.00261821
49531,1,0.00318401
49293,1,0.00382729
49295,1,0.00431697
49292,1,0.00491491
49662,1,0.00476867
49306,1,0.00532582
49308,1,0.00570187
49305,1,0.00570469
49522,1,0.00602208
49200,1,0.00652566
49303,1,0.00677179
49298,1,0.00677179
49506,1,0.00700492
49286,1,0.00745496
49291,1,0.00718521
49288,1,0.0076001
49749,1,0.0077231
49748,1,0.0077231
50023,1,0.00779515
49741,1,0.00817794
49744,1,0.00783005
49257,1,0.00819129
49259,1,0.00817159
49256,1,0.00817711
50053,1,0.00810736
50024,1,0.00843097
50027,1,0.00800076
49261,1,0.00831056
49265,1,0.00814855
48935,1,-0.00106978
48932,1,-0.00105601
48939,1,-0.00096788
48917,1,-0.00096788
48919,1,-0.00092697
48916,1,-0.00091438
49430,1,-0.00095414
49428,1,-0.00094101
49842,1,-0.00095282
49153,1,-0.00095062
49158,1,-0.00096427
49155,1,-0.00095517
50040,1,-0.00095959
49603,1,-0.00095735
49605,1,-0.00095959
49602,1,-0.000955
49787,1,-0.00095054
49459,1,-0.00094597
49463,1,-0.00093486
49165,1,-0.00093708
49170,1,-0.00091709
49167,1,-0.00091709
49466,1,-0.00089941
49464,1,-0.0008972
49622,1,-0.00087305
49184,1,-0.00087085
49186,1,-0.00084446
49183,1,-0.00084034
49341,1,-0.00081189
49177,1,-0.00081189
49182,1,-0.00077525
49179,1,-0.0007736
49957,1,-0.00073676
49752,1,-0.00073893
49753,1,-0.00069861
49171,1,-0.00069861
49344,1,-0.00065866
49342,1,-0.00065537
49910,1,-0.00061172
49345,1,-0.00061384
49347,1,-0.00057059
49206,1,-0.0005677
49500,1,-0.00052564
49348,1,-0.00052505
49353,1,-0.00048282
49350,1,-0.00048033
49524,1,-0.00043892
49219,1,-0.00043665
49359,1,-0.00039545
49357,1,-0.00039337
49529,1,-0.00035261
49311,1,-0.00035075
49312,1,-0.00031058
49211,1,-0.00031058
49314,1,-0.00026881
49234,1,-0.00026937
49371,1,-0.00023145
49225,1,-0.00023145
49230,1,-0.00019554
49329,3,-0.00636834
49224,3,-0.00349231
49318,3,-0.00061648
49317,3,0.00226044
49370,3,0.00524886
49360,3,0.00813059
49364,3,0.01102954
49361,3,0.01103069
49531,3,0.0138357
49293,3,0.01662348
49295,3,0.01933611
49292,3,0.02202455
49662,3,0.02205882
49306,3,0.02464789
49308,3,0.02727363
49305,3,0.02727645
49522,3,0.0298025
49200,3,0.03229803
49303,3,0.03473679
49298,3,0.03473321
49506,3,0.0372751
49286,3,0.03967395
49291,3,0.039723
49288,3,0.04201671
49749,3,0.04446953
49748,3,0.04446496
50023,3,0.04682375
49741,3,0.04911809
49744,3,0.04917859
49257,3,0.05148056
49259,3,0.05384319
49256,3,0.05383768
50053,3,0.05621102
50024,3,0.05840734
50027,3,0.05846709
49261,3,0.06078259
49265,3,0.06313518
48935,3,0.02484993
48932,3,0.02452997
48939,3,0.02398706
48917,3,0.02398947
48919,3,0.02356299
48916,3,0.02324313
49430,3,0.02324313
49428,3,0.02292097
49842,3,0.02271003
49153,3,0.02260114
49158,3,0.02259886
49155,3,0.02238792
50040,3,0.02228131
49603,3,0.02228131
49605,3,0.02227907
49602,3,0.0221747
49787,3,0.0221747
49459,3,0.02206587
49463,3,0.02206809
49165,3,0.02206809
49170,3,0.02196148
49167,3,0.02196369
49466,3,0.02196148
49464,3,0.02196369
49622,3,0.02185707
49184,3,0.02185707
49186,3,0.02185707
49183,3,0.02175045
49341,3,0.02175264
49177,3,0.02175264
49182,3,0.02164819
49179,3,0.02153938
49957,3,0.02154155
49752,3,0.02154155
49753,3,0.02143706
49171,3,0.02143491
49344,3,0.02133041
49342,3,0.02122589
49910,3,0.02111711
49345,3,0.02111923
49347,3,0.02101257
49206,3,0.0209059
49500,3,0.02090801
49348,3,0.02080133
49353,3,0.02069466
49350,3,0.02058799
49524,3,0.02059006
49219,3,0.02048131
49359,3,0.02037669
49357,3,0.02027
49529,3,0.02027
49311,3,0.02016535
49312,3,0.02005664
49211,3,0.02005865
49314,3,0.01995196
49234,3,0.01984526
49371,3,0.01984526
49225,3,0.01984526
49230,3,0.01985524
50490,1,-0.00164878
50382,1,-0.00090454
50551,1,-0.00015512
50477,1,0.000569
50549,1,0.00128295
50540,1,0.00198816
50544,1,0.00261706
50541,1,0.00261821
50689,1,0.00318544
50445,1,0.00382556
50446,1,0.00431697
50444,1,0.00491491
50845,1,0.00476867
50449,1,0.00532582
50454,1,0.00570469
50451,1,0.00570187
50680,1,0.00602208
50358,1,0.00652566
50459,1,0.00677179
50456,1,0.00677179
50668,1,0.00700492
50439,1,0.00745496
50443,1,0.00718521
50425,1,0.0076001
50427,1,0.0077231
50424,1,0.0077231
51131,1,0.00779515
50910,1,0.00817794
50913,1,0.00783005
50409,1,0.00819129
50411,1,0.00817711
50408,1,0.00817159
50518,1,0.00811311
50516,1,0.008425
50653,1,0.00800076
50420,1,0.00831056
50422,1,0.00814855
50065,1,-0.00105728
50062,1,-0.00104367
50070,1,-0.00098692
50067,1,-0.00096547
50605,1,-0.00092934
50602,1,-0.00091438
50895,1,-0.00098922
50074,1,-0.00097561
50079,1,-0.00095511
50076,1,-0.00094835
50301,1,-0.00096199
50299,1,-0.00095517
50754,1,-0.00095959
50752,1,-0.00095735
50757,1,-0.00095959
50311,1,-0.00095277
50313,1,-0.00095054
50310,1,-0.00094375
51137,1,-0.00093486
50316,1,-0.00093486
50321,1,-0.00091709
50318,1,-0.00091488
50646,1,-0.0008972
50644,1,-0.0008972
51150,1,-0.00087085
50341,1,-0.00087085
50343,1,-0.00084226
50340,1,-0.00084034
50524,1,-0.00080971
50334,1,-0.00081189
50339,1,-0.00077525
50336,1,-0.00076926
51073,1,-0.00073893
50926,1,-0.00073676
50928,1,-0.00069646
50925,1,-0.00069861
51145,1,-0.00065652
51045,1,-0.00065537
51047,1,-0.00061172
50525,1,-0.00061172
50527,1,-0.00056848
50364,1,-0.0005677
50660,1,-0.00052564
50528,1,-0.00052505
50533,1,-0.00048074
50530,1,-0.00047826
50682,1,-0.00043892
50377,1,-0.00043665
50539,1,-0.00039545
50537,1,-0.00039337
50687,1,-0.00035261
50468,1,-0.00035075
50469,1,-0.00030856
50369,1,-0.00030856
50467,1,-0.00027081
50392,1,-0.00026737
50550,1,-0.00023145
50383,1,-0.00023145
50388,1,-0.00019554
50490,3,-0.00636834
50382,3,-0.00349231
50551,3,-0.00061648
50477,3,0.00226044
50549,3,0.00524886
50540,3,0.00813059
50544,3,0.01103069
50541,3,0.01102954
50689,3,0.0138357
50445,3,0.01662348
50446,3,0.01933811
50444,3,0.02202683
50845,3,0.02205654
50449,3,0.02464789
50454,3,0.02727645
50451,3,0.02727363
50680,3,0.02980558
50358,3,0.03229803
50459,3,0.03473321
50456,3,0.03473321
50668,3,0.0372751
50439,3,0.03967395
50443,3,0.039723
50425,3,0.04201671
50427,3,0.04446953
50424,3,0.04446496
51131,3,0.04682375
50910,3,0.04911809
50913,3,0.04917859
50409,3,0.05148056
50411,3,0.05383768
50408,3,0.05384319
50518,3,0.05620527
50516,3,0.05841331
50653,3,0.05846709
50420,3,0.06077638
50422,3,0.06313518
50065,3,0.02456998
50062,3,0.02425363
50070,3,0.02442388
50067,3,0.02389051
50605,3,0.02359855
50602,3,0.02327821
50895,3,0.02410607
50074,3,0.02377203
50079,3,0.02268718
50076,3,0.02258294
50301,3,0.02258067
50299,3,0.02236764
50754,3,0.02226113
50752,3,0.02226113
50757,3,0.02226113
50311,3,0.02215462
50313,3,0.02215239
50310,3,0.02204811
51137,3,0.02204811
50316,3,0.02204811
50321,3,0.02194159
50318,3,0.02194159
50646,3,0.02194159
50644,3,0.0219438
51150,3,0.02183728
50341,3,0.02183728
50343,3,0.02183728
50340,3,0.02173076
50524,3,0.02173295
50334,3,0.02173295
50339,3,0.02162641
50336,3,0.02152204
51073,3,0.02152204
50926,3,0.02152204
50928,3,0.0214155
50925,3,0.02141766
51145,3,0.0213111
51045,3,0.02120455
51047,3,0.02110011
50525,3,0.02109799
50527,3,0.02099566
50364,3,0.02088698
50660,3,0.02088908
50528,3,0.02078041
50533,3,0.02067593
50530,3,0.02056935
50682,3,0.02057142
50377,3,0.02046278
50539,3,0.02035825
50537,3,0.02025166
50687,3,0.0202537
50468,3,0.02014507
50469,3,0.0200405
50369,3,0.02003848
50467,3,0.01993591
50392,3,0.0198293
50550,3,0.0198273
50383,3,0.0198273
50388,3,0.01983928
51592,1,-0.00165011
51491,1,-0.00090527
51579,1,-0.00015505
51577,1,0.0005683
51647,1,0.00128295
51637,1,0.00198816
51641,1,0.00261706
51638,1,0.00261821
51801,1,0.00318544
51547,1,0.00382556
51548,1,0.00431697
51472,1,0.00491491
51477,1,0.00476867
51474,1,0.00532582
51565,1,0.00570187
51563,1,0.00570469
51791,1,0.00602208
51461,1,0.00652566
51558,1,0.00677179
51553,1,0.00677179
51779,1,0.00693195
51541,1,0.0073773
51546,1,0.00719747
51543,1,0.00761307
52045,1,0.00773681
52044,1,0.00773681
52258,1,0.00780956
52034,1,0.00818803
52037,1,0.00784518
51521,1,0.00820712
51523,1,0.00818262
51520,1,0.00818814
51613,1,0.00812461
51611,1,0.00844292
52302,1,0.00800673
51526,1,0.00832298
51530,1,0.00815499
51257,1,-0.00107228
51218,1,-0.00105601
51220,1,-0.0009703
51217,1,-0.0009703
51262,1,-0.00087718
51260,1,-0.00086527
51997,1,-0.00097986
51855,1,-0.00096638
52181,1,-0.00095054
51394,1,-0.00094607
51396,1,-0.00096654
51393,1,-0.00095517
51866,1,-0.00095959
51864,1,-0.00095959
51871,1,-0.00096183
51406,1,-0.000955
51408,1,-0.00095054
51405,1,-0.00094819
51879,1,-0.00093708
51411,1,-0.00093708
51416,1,-0.00091709
51413,1,-0.0009193
51730,1,-0.00089941
51728,1,-0.00089941
51905,1,-0.00087305
51438,1,-0.00087305
51440,1,-0.00084446
51437,1,-0.00084253
51619,1,-0.00081189
51432,1,-0.00081408
51436,1,-0.00077743
51421,1,-0.0007736
51941,1,-0.00073893
51939,1,-0.00073893
52151,1,-0.00070077
52150,1,-0.00069861
52288,1,-0.00066081
51762,1,-0.00065537
51765,1,-0.00061384
51625,1,-0.00061384
51627,1,-0.00057059
51467,1,-0.0005677
51770,1,-0.00052985
51628,1,-0.00052505
51633,1,-0.00048282
51630,1,-0.00048033
51793,1,-0.00043892
51486,1,-0.00043871
51636,1,-0.00039545
51634,1,-0.00039337
51799,1,-0.00035465
51569,1,-0.00035075
51570,1,-0.00031058
51478,1,-0.00031058
51568,1,-0.00027081
51501,1,-0.00026737
51648,1,-0.00023345
51492,1,-0.00023145
51497,1,-0.00019554
51592,3,-0.00637366
51491,3,-0.0034956
51579,3,-0.0006159
51577,3,0.00225855
51647,3,0.00524886
51637,3,0.00813059
51641,3,0.01102954
51638,3,0.01103069
51801,3,0.0138357
51547,3,0.01662348
51548,3,0.01933611
51472,3,0.02202455
51477,3,0.02205882
51474,3,0.02464789
51565,3,0.02727363
51563,3,0.02727645
51791,3,0.02980558
51461,3,0.0322947
51558,3,0.03473679
51553,3,0.03473321
51779,3,0.03687953
51541,3,0.03925297
51546,3,0.03977613
51543,3,0.04207291
52045,3,0.04452894
52044,3,0.04452894
52258,3,0.04688622
52034,3,0.04918363
52037,3,0.04924413
51521,3,0.05154918
51523,3,0.05391487
51520,3,0.05392039
51613,3,0.05628001
51611,3,0.05849099
52302,3,0.05855074
51526,3,0.06085713
51530,3,0.06320598
51257,3,0.02489242
51218,3,0.02457438
51220,3,0.02404016
51217,3,0.02404016
51262,3,0.02232782
51260,3,0.02202707
51997,3,0.02389559
51855,3,0.02356676
52181,3,0.02265062
51394,3,0.02254428
51396,3,0.02262161
51393,3,0.02240819
51866,3,0.02230149
51864,3,0.02230149
51871,3,0.02229925
51406,3,0.02219478
51408,3,0.02219478
51405,3,0.02208808
51879,3,0.02208808
51411,3,0.02208808
51416,3,0.02198137
51413,3,0.02198358
51730,3,0.02198137
51728,3,0.02198358
51905,3,0.02187686
51438,3,0.02187686
51440,3,0.02187906
51437,3,0.02177015
51619,3,0.02177234
51432,3,0.02177234
51436,3,0.02166779
51421,3,0.02156105
51941,3,0.02156105
51939,3,0.02156105
52151,3,0.02145647
52150,3,0.02145431
52288,3,0.02134972
51762,3,0.02124297
51765,3,0.02113835
51625,3,0.02113835
51627,3,0.02103159
51467,3,0.02092693
51770,3,0.02092693
51628,3,0.02081807
51633,3,0.02071547
51630,3,0.02060662
51793,3,0.02060869
51486,3,0.02050191
51636,3,0.02039513
51634,3,0.02028835
51799,3,0.02029039
51569,3,0.02018157
51570,3,0.0200768
51478,3,0.0200768
51568,3,0.01995798
51501,3,0.01985324
51648,3,0.01986921
51492,3,0.01986921
51497,3,0.01987519
52728,1,-0.00164878
52619,1,-0.00090454
52790,1,-0.00015512
52711,1,0.000569
52788,1,0.00128295
52779,1,0.00198816
52783,1,0.00261706
52780,1,0.00261821
52907,1,0.00318401
52698,1,0.00382729
52700,1,0.00431697
52697,1,0.00491491
53042,1,0.00476639
52679,1,0.00532838
52684,1,0.00570187
52681,1,0.00570469
52898,1,0.00602208
52595,1,0.00652566
52692,1,0.00677179
52691,1,0.00677179
53351,1,0.00700492
52673,1,0.00745496
52678,1,0.00718521
52675,1,0.00759578
53099,1,0.00772767
53098,1,0.0077231
53325,1,0.00779515
53089,1,0.00817794
53092,1,0.00783005
52650,1,0.00819129
52652,1,0.00817159
52649,1,0.00817159
52757,1,0.00811311
52755,1,0.00843097
53369,1,0.00799478
52655,1,0.00831677
52659,1,0.00814855
52316,1,-0.00106978
52313,1,-0.00105601
52321,1,-0.00096788
52318,1,-0.00096788
52969,1,-0.00092697
52968,1,-0.00091438
53062,1,-0.00095414
52730,1,-0.00094101
52732,1,-0.00095282
52729,1,-0.00095062
52843,1,-0.00096427
52534,1,-0.00095517
52539,1,-0.00095959
52536,1,-0.00095735
52751,1,-0.00095959
52541,1,-0.000955
52543,1,-0.00095054
52540,1,-0.00094597
53373,1,-0.00093486
52546,1,-0.00093708
52551,1,-0.00091709
52548,1,-0.00091709
52856,1,-0.00089941
52854,1,-0.0008972
52997,1,-0.00087305
52568,1,-0.00087085
52570,1,-0.00084446
52567,1,-0.00084034
52763,1,-0.00081189
52561,1,-0.00081189
52566,1,-0.00077525
52563,1,-0.0007736
53033,1,-0.00073676
53030,1,-0.00073893
53104,1,-0.00069861
53102,1,-0.00069861
53235,1,-0.00065866
53209,1,-0.00065537
53211,1,-0.00061172
52764,1,-0.00061384
52766,1,-0.00057059
52601,1,-0.0005677
52881,1,-0.00052564
52767,1,-0.00052505
52772,1,-0.00048282
52769,1,-0.00048033
52900,1,-0.00043892
52614,1,-0.00043665
52778,1,-0.00039545
52776,1,-0.00039337
52905,1,-0.00035261
52702,1,-0.00035075
52703,1,-0.00031058
52606,1,-0.00031058
52705,1,-0.00026881
52629,1,-0.00026937
52789,1,-0.00023145
52620,1,-0.00023145
52625,1,-0.00019554
52728,3,-0.00636834
52619,3,-0.00349231
52790,3,-0.00061648
52711,3,0.00226044
52788,3,0.00524886
52779,3,0.00813059
52783,3,0.01102954
52780,3,0.01103069
52907,3,0.0138357
52698,3,0.01662176
52700,3,0.01933811
52697,3,0.02202455
53042,3,0.02205882
52679,3,0.02464533
52684,3,0.02727645
52681,3,0.02727363
52898,3,0.02980558
52595,3,0.03229803
52692,3,0.03473321
52691,3,0.03473321
53351,3,0.03727894
52673,3,0.03966986
52678,3,0.039723
52675,3,0.04201671
53099,3,0.04446953
53098,3,0.04446496
53325,3,0.04682375
53089,3,0.04911809
53092,3,0.04917859
52650,3,0.05148056
52652,3,0.05383768
52649,3,0.05384319
52757,3,0.05620527
52755,3,0.05840734
53369,3,0.05847306
52655,3,0.06077638
52659,3,0.06314162
52316,3,0.02484993
52313,3,0.02452997
52321,3,0.02398947
52318,3,0.02398947
52969,3,0.02356299
52968,3,0.02324313
53062,3,0.02324313
52730,3,0.02292097
52732,3,0.02270775
52729,3,0.02260114
52843,3,0.02260114
52534,3,0.02238792
52539,3,0.02227907
52536,3,0.02228131
52751,3,0.02228131
52541,3,0.0221747
52543,3,0.02217247
52540,3,0.02206809
53373,3,0.02206809
52546,3,0.02206809
52551,3,0.02196148
52548,3,0.02196148
52856,3,0.02196369
52854,3,0.02196148
52997,3,0.02185707
52568,3,0.02185707
52570,3,0.02185927
52567,3,0.02175045
52763,3,0.02175264
52561,3,0.02175264
52566,3,0.02164819
52563,3,0.02154371
53033,3,0.02153938
53030,3,0.02154155
53104,3,0.02143706
53102,3,0.02143491
53235,3,0.02133041
53209,3,0.02122376
53211,3,0.02111923
52764,3,0.02111711
52766,3,0.02101257
52601,3,0.02090801
52881,3,0.0209059
52767,3,0.02080133
52772,3,0.02069466
52769,3,0.02058799
52900,3,0.02059006
52614,3,0.02048131
52778,3,0.02037669
52776,3,0.02027
52905,3,0.02027
52702,3,0.02016332
52703,3,0.02005865
52606,3,0.02005865
52705,3,0.01995196
52629,3,0.01984526
52789,3,0.01984526
52620,3,0.01984526
52625,3,0.01985324
53738,1,-0.00165011
53644,1,-0.00090454
53728,1,-0.00015531
53727,1,0.00056924
53804,1,0.00128349
53794,1,0.001989
53798,1,0.00261936
53795,1,0.00261936
53940,1,0.00318688
53696,1,0.00382901
53697,1,0.00431898
53626,1,0.00491948
53631,1,0.0047184
53628,1,0.00527221
53712,1,0.00567366
53710,1,0.00567084
53931,1,0.00603747
53615,1,0.00654234
53708,1,0.00678971
53705,1,0.00678971
53923,1,0.00702412
53690,1,0.00747539
53695,1,0.00720156
53692,1,0.00761739
54182,1,0.00774138
54181,1,0.00774138
54402,1,0.00777592
54171,1,0.00815778
54174,1,0.00780989
53671,1,0.00817018
53673,1,0.00818814
53670,1,0.00818814
54464,1,0.00812461
54437,1,0.00844292
54441,1,0.00801271
53677,1,0.00832298
53679,1,0.00816142
53453,1,-0.00106978
53450,1,-0.00105601
53753,1,-0.0009703
53751,1,-0.0009703
53757,1,-0.00091511
53755,1,-0.00090269
54102,1,-0.00095648
53978,1,-0.00094562
53979,1,-0.00095282
53560,1,-0.00095062
53562,1,-0.00096654
53559,1,-0.00095517
53991,1,-0.00095959
53989,1,-0.00096183
53995,1,-0.00095735
53571,1,-0.00095277
53573,1,-0.0009483
53570,1,-0.00094152
54000,1,-0.00093486
53576,1,-0.00093486
53581,1,-0.00091488
53578,1,-0.00091709
53881,1,-0.0008972
53879,1,-0.00089941
54028,1,-0.00087085
53598,1,-0.00087305
53600,1,-0.00084446
53597,1,-0.00084034
53782,1,-0.00081189
53591,1,-0.00081189
53596,1,-0.00077743
53593,1,-0.00077143
54063,1,-0.00073893
54060,1,-0.00073893
54187,1,-0.00069861
53783,1,-0.00069646
53787,1,-0.00065866
53784,1,-0.00065324
54337,1,-0.0006096
53788,1,-0.00061172
53790,1,-0.00057482
53621,1,-0.000574
53915,1,-0.00052775
53913,1,-0.00052296
54375,1,-0.00048282
53932,1,-0.00048033
53933,1,-0.00043892
53639,1,-0.00043665
53793,1,-0.00039749
53791,1,-0.00039337
53938,1,-0.00035465
53718,1,-0.00035278
53720,1,-0.00031058
53632,1,-0.00031058
53717,1,-0.00027282
53654,1,-0.00026937
53805,1,-0.00023345
53645,1,-0.00023145
53650,1,-0.00019753
53738,3,-0.00637166
53644,3,-0.00349414
53728,3,-0.00061687
53727,3,0.00226209
53804,3,0.00525215
53794,3,0.00813653
53798,3,0.01103758
53795,3,0.01103758
53940,3,0.01384432
53696,3,0.01663385
53697,3,0.01935215
53626,3,0.02204054
53631,3,0.02183261
53628,3,0.02439513
53712,3,0.02711846
53710,3,0.02712128
53931,3,0.02987331
53615,3,0.03236809
53708,3,0.03481204
53705,3,0.03481204
53923,3,0.03735958
53690,3,0.03976387
53695,3,0.03981291
53692,3,0.04211182
54182,3,0.04457007
54181,3,0.0445655
54402,3,0.04671321
54171,3,0.04900212
54174,3,0.04902733
53671,3,0.05131695
53673,3,0.05393142
53670,3,0.05393142
54464,3,0.05629151
54437,3,0.05850294
54441,3,0.05856269
53677,3,0.06087576
53679,3,0.06321886
53453,3,0.02486992
53450,3,0.02454971
53753,3,0.02401119
53751,3,0.02401119
53757,3,0.02327613
53755,3,0.02295782
54102,3,0.023332
53978,3,0.02301091
53979,3,0.02273517
53560,3,0.02262843
53562,3,0.02262843
53559,3,0.02241495
53991,3,0.02230597
53989,3,0.02230597
53995,3,0.02223647
53571,3,0.02212784
53573,3,0.02211222
53570,3,0.0220037
54000,3,0.02203256
53576,3,0.02203034
53581,3,0.02191729
53578,3,0.02191729
53881,3,0.02196148
53879,3,0.02196148
54028,3,0.02185707
53598,3,0.02185487
53600,3,0.02185707
53597,3,0.02174826
53782,3,0.02175264
53591,3,0.02175045
53596,3,0.02164601
53593,3,0.02153938
54063,3,0.02154155
54060,3,0.02154155
54187,3,0.02138316
53783,3,0.02138316
53787,3,0.02128535
53784,3,0.02118106
54337,3,0.02100028
53788,3,0.02100241
53790,3,0.02121544
53621,3,0.02110985
53915,3,0.02086806
53913,3,0.02076368
54375,3,0.02067177
53932,3,0.02056728
53933,3,0.02053623
53639,3,0.02042776
53793,3,0.02039718
53791,3,0.02029039
53938,3,0.02030669
53718,3,0.02020184
53720,3,0.02011109
53632,3,0.02010907
53717,3,0.02003621
53654,3,0.01992907
53805,3,0.01992108
53645,3,0.01992308
53650,3,0.01993904
54858,1,-0.00164878
54754,1,-0.00090454
54849,1,-0.00015512
54848,1,0.000569
54916,1,0.00128295
54906,1,0.00198816
54910,1,0.00261706
54907,1,0.00261706
55050,1,0.00318544
54812,1,0.00382729
54814,1,0.00431497
54811,1,0.00491719
55154,1,0.00476639
54828,1,0.00532838
54830,1,0.00570187
54827,1,0.00570187
55041,1,0.00602208
54730,1,0.00652566
54822,1,0.00677179
54818,1,0.00677538
55030,1,0.00700492
54805,1,0.00745496
54810,1,0.00718521
54807,1,0.00759578
55231,1,0.00772767
55230,1,0.0077231
55581,1,0.00779515
55220,1,0.00817794
55223,1,0.00782501
54773,1,0.00819657
54775,1,0.00817159
54772,1,0.00817159
55008,1,0.00811311
54779,1,0.00843097
54781,1,0.00800076
54778,1,0.00831056
55120,1,0.00814855
54673,1,-0.00106728
54557,1,-0.00105601
54683,1,-0.00096788
54680,1,-0.00096547
54964,1,-0.00092697
54961,1,-0.00091205
55182,1,-0.00095882
55083,1,-0.00094332
55265,1,-0.00095282
54714,1,-0.00095062
54716,1,-0.00096427
54713,1,-0.00095517
55099,1,-0.00095959
54689,1,-0.00095735
54694,1,-0.00095959
54691,1,-0.000955
55510,1,-0.00095054
55507,1,-0.00094597
55594,1,-0.00093486
54995,1,-0.00093708
55301,1,-0.00091709
54695,1,-0.00091709
54700,1,-0.00089941
54697,1,-0.0008972
54993,1,-0.00087305
54883,1,-0.00087085
54885,1,-0.00084446
54882,1,-0.00084034
54890,1,-0.00081189
54707,1,-0.00081189
54712,1,-0.00077525
54709,1,-0.0007736
55139,1,-0.00073676
55136,1,-0.00073893
55237,1,-0.00069861
55235,1,-0.00069861
55465,1,-0.00065866
55453,1,-0.00065537
55455,1,-0.00061172
54891,1,-0.00061384
54893,1,-0.00057059
54736,1,-0.0005677
55022,1,-0.00052564
54894,1,-0.00052505
54899,1,-0.00048282
54896,1,-0.00048033
55043,1,-0.00043892
54749,1,-0.00043665
54905,1,-0.00039545
54903,1,-0.00039337
55048,1,-0.00035261
54832,1,-0.00035075
54833,1,-0.00031058
54741,1,-0.00031058
54835,1,-0.00026881
54764,1,-0.00026937
54917,1,-0.00023145
54755,1,-0.00023145
54760,1,-0.00019554
54858,3,-0.00636834
54754,3,-0.00349231
54849,3,-0.00061648
54848,3,0.0022602
54916,3,0.00524886
54906,3,0.00813059
54910,3,0.01103069
54907,3,0.01102954
55050,3,0.0138357
54812,3,0.01662176
54814,3,0.01933811
54811,3,0.02202455
55154,3,0.02205882
54828,3,0.02464533
54830,3,0.02727363
54827,3,0.02727645
55041,3,0.02980558
54730,3,0.0322947
54822,3,0.03473679
54818,3,0.03473321
55030,3,0.03727894
54805,3,0.03967395
54810,3,0.03971891
54807,3,0.04201671
55231,3,0.04446953
55230,3,0.04446953
55581,3,0.04681894
55220,3,0.04912313
55223,3,0.04917355
54773,3,0.05148056
54775,3,0.05384319
54772,3,0.05383768
55008,3,0.05621677
54779,3,0.05841331
54781,3,0.05847306
54778,3,0.06077638
55120,3,0.06313518
54673,3,0.02482493
54557,3,0.02450283
54683,3,0.02395809
54680,3,0.02395809
54964,3,0.02353454
54961,3,0.02321273
55182,3,0.02332732
55083,3,0.023004
55265,3,0.02270775
54714,3,0.02260114
54716,3,0.02260114
54713,3,0.02238567
55099,3,0.02228131
54689,3,0.02228131
54694,3,0.02227907
54691,3,0.0221747
55510,3,0.02217247
55507,3,0.02206809
55594,3,0.02206809
54995,3,0.02206809
55301,3,0.02196148
54695,3,0.02196148
54700,3,0.02196369
54697,3,0.02196148
54993,3,0.02185707
54883,3,0.02185707
54885,3,0.02185707
54882,3,0.02175264
54890,3,0.02175264
54707,3,0.02175045
54712,3,0.02164819
54709,3,0.02153938
55139,3,0.02154155
55136,3,0.02154155
55237,3,0.02143706
55235,3,0.02143706
55465,3,0.02133041
55453,3,0.02122589
55455,3,0.02111923
54891,3,0.02111711
54893,3,0.02101257
54736,3,0.02090801
55022,3,0.0209059
54894,3,0.02080133
54899,3,0.02069466
54896,3,0.02058799
55043,3,0.02059006
54749,3,0.02048131
54905,3,0.02037669
54903,3,0.02027
55048,3,0.02027204
54832,3,0.02016332
54833,3,0.02005865
54741,3,0.02005664
54835,3,0.01995196
54764,3,0.01984526
54917,3,0.01984526
54755,3,0.01984526
54760,3,0.01985524
